benchmark,group,min_us,max_us,mean_us,median_us,stddev_us,iqr_us,ops_sec,rounds,iterations
test_bench_100k_nodes_to_polars,default,20207.1,30052.7,22969.8857,22389.85,2302.3684,2273.1,43.54,28,1
test_bench_10k_nodes_pure_python_objects,default,40852.3,110971.7,63719.6545,50283.5,27092.3161,39704.875,15.69,11,1
test_bench_1m_nodes_to_arrow,default,262678.3,394653.3,341341.78,366182.4,52882.7113,74604.575,2.93,5,1
test_bench_1m_nodes_to_polars,default,217972.3,300351.2,247584.78,232995.1,35364.0203,55640.35,4.04,5,1
test_bench_fast_path_parameter_serialization,default,1432.7,12829.0,4031.9388,3417.7,2466.0681,3257.15,248.02,67,1
test_bench_gqlalchemy_10hop_compilation,default,14.3,935.1,20.8472,18.5,10.6754,3.4,47968.17,13889,1
test_bench_gqlalchemy_1hop_compilation,default,2.8,104.3,3.9658,3.7,2.1011,1.0,252155.4,16001,1
test_bench_lazy_execution_result_to_polars,default,7773.8,19270.8,11279.925,10983.95,2188.2888,2509.5,88.65,56,1
test_bench_native_falkordb_query_latency,default,558.7,3886.4,943.1385,741.4,497.6815,388.1,1060.29,200,1
test_bench_native_neo4j_query_latency,default,1916.4,7056.6,3131.7081,2920.4,1059.9111,1353.2,319.31,37,1
test_bench_neomodel_1hop_compilation,default,2.3,106.2,3.2059,3.0,1.4523,0.2,311926.78,61729,1
test_bench_session_execute_to_polars_direct,default,724.6,3618.6,1486.5753,1185.4,738.9708,1089.4,672.69,150,1
test_bench_session_native_vs_bridge,default,617.5,4182.7,1293.6338,1022.8,716.5229,817.0,773.02,139,1
test_bench_synthetic_stream_to_arrow,default,8586.2,27174.2,12126.7845,11143.95,3360.914,4214.55,82.46,84,1
test_bench_synthetic_stream_to_polars,default,9473.8,22468.9,13009.8674,11955.4,2819.3703,3157.5,76.86,46,1
test_bench_synthetic_stream_to_python_dicts,default,5296.7,12423.4,8128.8213,7765.6,1711.8292,2179.55,123.02,75,1
test_bench_voyager_10hop_cypher_compilation,default,134.9,977.9,160.9128,149.8,40.9635,14.35,6214.55,3332,1
test_bench_voyager_1hop_cypher_compilation,default,27.8,4193.5,49.4826,44.7,94.8451,17.2,20209.11,3819,1
test_bench_voyager_ast_expr_direct,default,9.9,122.8,12.6652,10.9,5.4113,1.0,78956.7,14410,1
test_bench_voyager_native_rust_direct,default,7.3,4133.0,12.8701,9.9,45.6712,5.8,77699.28,11521,1
test_bench_voyager_where_property_direct,default,4.9,90.1,6.6898,5.4,3.5153,2.6,149481.06,11561,1
